,te:adm,te:biggan,te:glide,te:midjourney,te:wukong,te:vqdm
tr:adm,0.9994080000000001,0.9150240000000001,0.924528,0.9276639999999999,0.884048,0.749136
tr:biggan,0.83368,0.999952,0.9735999999999999,0.6129279999999999,0.733248,0.976272
tr:glide,0.802288,0.929008,0.9970239999999999,0.8235520000000001,0.91728,0.86752
tr:midjourney,0.83976,0.5904400000000001,0.894272,0.999648,0.945808,0.69408
tr:wukong,0.82008,0.7962079999999999,0.94696,0.927872,1.0,0.795584
tr:vqdm,0.7867999999999999,0.995568,0.948416,0.702608,0.7854239999999999,0.99296
