{
  "member_train_n": 3000,
  "val_n": 600,
  "val_frac": 0.2,
  "C": 1.0,
  "accuracy": 0.9766666666666667,
  "auroc": 0.9986666666666667,
  "acc_real": 0.9866666666666667,
  "acc_fake": 0.9666666666666667
}