{
  "best_member_eval": "M3_cal",
  "best_member_eval_acc": 0.6332671019017883,
  "best_member_eval_auroc": 0.6420836342744582,
  "combiner_logreg_eval": {
    "auroc": 0.723758043335522,
    "acc": 0.6809537326142492,
    "real_acc": 0.731,
    "fake_acc": 0.6152330925804333
  },
  "combiner_mlp_eval": {
    "auroc": 0.7202629678266579,
    "acc": 0.6785410161793926,
    "real_acc": 0.72775,
    "fake_acc": 0.6139198949441891
  },
  "mean_prob_eval_acc": 0.6700255464093102,
  "majority_vote_eval_acc": 0.6121203519727505,
  "combiner_logreg_indist_minus_ood_acc_gap": 0.1830462673857508
}