{
  "epochs": 10,
  "batch_size": 32,
  "r": 16,
  "alpha": 32,
  "dropout": 0.05,
  "target_modules": [
    "attn.out_proj",
    "mlp.c_fc",
    "mlp.c_proj"
  ],
  "results": {
    "M1a/modern_test": {
      "auroc": 0.9962613333333333,
      "acc": 0.9693333333333334,
      "real_acc": 0.9586666666666667,
      "fake_acc": 0.98
    },
    "M1a/cf": {
      "auroc": 0.7476697106158021,
      "acc": 0.6606851549755302,
      "real_acc": 0.5809312638580931,
      "fake_acc": 0.7374599786552828
    },
    "M1a/eval": {
      "auroc": 0.889025319671437,
      "acc": 0.7993411200958371,
      "real_acc": 0.7524213075060533,
      "fake_acc": 0.8452874925903971
    },
    "M1b/modern_test": {
      "auroc": 0.9999626666666667,
      "acc": 0.9973333333333333,
      "real_acc": 0.9986666666666667,
      "fake_acc": 0.996
    },
    "M1b/cf": {
      "auroc": 0.7568749156978326,
      "acc": 0.6905927134312126,
      "real_acc": 0.7172949002217295,
      "fake_acc": 0.6648879402347919
    },
    "M1b/eval": {
      "auroc": 0.9055987892027195,
      "acc": 0.8283917340521114,
      "real_acc": 0.8450363196125908,
      "fake_acc": 0.8120924718435092
    }
  }
}