config,subset,auroc,acc,real_acc,fake_acc
combiner_M1a,eval,0.7326909524622847,0.6735549565738245,0.7288135593220338,0.6194427978660344
combiner_M1a,eval_modern,0.7162577777777778,0.668,0.712,0.624
combiner_M1b,eval,0.838021417160999,0.7975441749026655,0.7887409200968523,0.8061647895672792
combiner_M1b,eval_modern,0.8960284444444443,0.8626666666666667,0.8333333333333334,0.892
